<?xml version="1.0" encoding="UTF-8" ?>
<!-- This is a WordPress eXtended RSS file generated by WordPress as an export of your site. -->
<!-- It contains information about your site's posts, pages, comments, categories, and other content. -->
<!-- You may use this file to transfer that content from one site to another. -->
<!-- This file is not intended to serve as a complete backup of your site. -->

<!-- To import this information into a WordPress site follow these steps: -->
<!-- 1. Log in to that site as an administrator. -->
<!-- 2. Go to Tools: Import in the WordPress admin panel. -->
<!-- 3. Install the "WordPress" importer from the list. -->
<!-- 4. Activate & Run Importer. -->
<!-- 5. Upload this file using the form provided on that page. -->
<!-- 6. You will first be asked to map the authors in this export file to users -->
<!--    on the site. For each author, you may choose to map to an -->
<!--    existing user on the site or to create a new user. -->
<!-- 7. WordPress will then import each of the posts, pages, comments, categories, etc. -->
<!--    contained in this file into your site. -->

	<!-- generator="WordPress/6.4.3" created="2024-02-07 08:44" -->
<rss version="2.0"
	xmlns:excerpt="http://wordpress.org/export/1.2/excerpt/"
	xmlns:content="http://purl.org/rss/1.0/modules/content/"
	xmlns:wfw="http://wellformedweb.org/CommentAPI/"
	xmlns:dc="http://purl.org/dc/elements/1.1/"
	xmlns:wp="http://wordpress.org/export/1.2/"
>

<channel>
	<title>2I-REDES-M5-14353</title>
	<link>http://localhost/wordpress</link>
	<description></description>
	<pubDate>Wed, 07 Feb 2024 08:44:08 +0000</pubDate>
	<language>en-US</language>
	<wp:wxr_version>1.2</wp:wxr_version>
	<wp:base_site_url>http://localhost/wordpress</wp:base_site_url>
	<wp:base_blog_url>http://localhost/wordpress</wp:base_blog_url>

		<wp:author><wp:author_id>1</wp:author_id><wp:author_login><![CDATA[admin]]></wp:author_login><wp:author_email><![CDATA[a14353@oficina.pt]]></wp:author_email><wp:author_display_name><![CDATA[admin]]></wp:author_display_name><wp:author_first_name><![CDATA[]]></wp:author_first_name><wp:author_last_name><![CDATA[]]></wp:author_last_name></wp:author>

		<wp:category>
		<wp:term_id>1</wp:term_id>
		<wp:category_nicename><![CDATA[uncategorized]]></wp:category_nicename>
		<wp:category_parent><![CDATA[]]></wp:category_parent>
		<wp:cat_name><![CDATA[Uncategorized]]></wp:cat_name>
	</wp:category>
					<wp:term><wp:term_id>3</wp:term_id><wp:term_taxonomy>nav_menu</wp:term_taxonomy><wp:term_slug><![CDATA[menu-principal]]></wp:term_slug><wp:term_name><![CDATA[Menu Principal]]></wp:term_name>
</wp:term>

	<generator>https://wordpress.org/?v=6.4.3</generator>

		<item>
		<title><![CDATA[Hello world!]]></title>
		<link>http://localhost/wordpress/2024/01/15/hello-world/</link>
		<pubDate>Mon, 15 Jan 2024 11:47:33 +0000</pubDate>
		<dc:creator><![CDATA[admin]]></dc:creator>
		<guid isPermaLink="false">http://localhost/wordpress/?p=1</guid>
		<description></description>
		<content:encoded><![CDATA[<!-- wp:paragraph -->
<p>Welcome to WordPress. This is your first post. Edit or delete it, then start writing!</p>
<!-- /wp:paragraph -->]]></content:encoded>
		<excerpt:encoded><![CDATA[]]></excerpt:encoded>
		<wp:post_id>1</wp:post_id>
		<wp:post_date><![CDATA[2024-01-15 11:47:33]]></wp:post_date>
		<wp:post_date_gmt><![CDATA[2024-01-15 11:47:33]]></wp:post_date_gmt>
		<wp:post_modified><![CDATA[2024-01-15 11:47:33]]></wp:post_modified>
		<wp:post_modified_gmt><![CDATA[2024-01-15 11:47:33]]></wp:post_modified_gmt>
		<wp:comment_status><![CDATA[open]]></wp:comment_status>
		<wp:ping_status><![CDATA[open]]></wp:ping_status>
		<wp:post_name><![CDATA[hello-world]]></wp:post_name>
		<wp:status><![CDATA[publish]]></wp:status>
		<wp:post_parent>0</wp:post_parent>
		<wp:menu_order>0</wp:menu_order>
		<wp:post_type><![CDATA[post]]></wp:post_type>
		<wp:post_password><![CDATA[]]></wp:post_password>
		<wp:is_sticky>0</wp:is_sticky>
										<category domain="category" nicename="uncategorized"><![CDATA[Uncategorized]]></category>
						<wp:comment>
			<wp:comment_id>1</wp:comment_id>
			<wp:comment_author><![CDATA[A WordPress Commenter]]></wp:comment_author>
			<wp:comment_author_email><![CDATA[wapuu@wordpress.example]]></wp:comment_author_email>
			<wp:comment_author_url>https://wordpress.org/</wp:comment_author_url>
			<wp:comment_author_IP><![CDATA[]]></wp:comment_author_IP>
			<wp:comment_date><![CDATA[2024-01-15 11:47:33]]></wp:comment_date>
			<wp:comment_date_gmt><![CDATA[2024-01-15 11:47:33]]></wp:comment_date_gmt>
			<wp:comment_content><![CDATA[Hi, this is a comment.
To get started with moderating, editing, and deleting comments, please visit the Comments screen in the dashboard.
Commenter avatars come from <a href="https://en.gravatar.com/">Gravatar</a>.]]></wp:comment_content>
			<wp:comment_approved><![CDATA[1]]></wp:comment_approved>
			<wp:comment_type><![CDATA[comment]]></wp:comment_type>
			<wp:comment_parent>0</wp:comment_parent>
			<wp:comment_user_id>0</wp:comment_user_id>
							</wp:comment>
					</item>
					<item>
		<title><![CDATA[Sample Page]]></title>
		<link>http://localhost/wordpress/?page_id=2</link>
		<pubDate>Mon, 15 Jan 2024 11:47:33 +0000</pubDate>
		<dc:creator><![CDATA[admin]]></dc:creator>
		<guid isPermaLink="false">http://localhost/wordpress/?page_id=2</guid>
		<description></description>
		<content:encoded><![CDATA[<!-- wp:paragraph -->
<p>This is an example page. It's different from a blog post because it will stay in one place and will show up in your site navigation (in most themes). Most people start with an About page that introduces them to potential site visitors. It might say something like this:</p>
<!-- /wp:paragraph -->

<!-- wp:quote -->
<blockquote class="wp-block-quote"><p>Hi there! I'm a bike messenger by day, aspiring actor by night, and this is my website. I live in Los Angeles, have a great dog named Jack, and I like pi&#241;a coladas. (And gettin' caught in the rain.)</p></blockquote>
<!-- /wp:quote -->

<!-- wp:paragraph -->
<p>...or something like this:</p>
<!-- /wp:paragraph -->

<!-- wp:quote -->
<blockquote class="wp-block-quote"><p>The XYZ Doohickey Company was founded in 1971, and has been providing quality doohickeys to the public ever since. Located in Gotham City, XYZ employs over 2,000 people and does all kinds of awesome things for the Gotham community.</p></blockquote>
<!-- /wp:quote -->

<!-- wp:paragraph -->
<p>As a new WordPress user, you should go to <a href="http://localhost/wordpress/wp-admin/">your dashboard</a> to delete this page and create new pages for your content. Have fun!</p>
<!-- /wp:paragraph -->]]></content:encoded>
		<excerpt:encoded><![CDATA[]]></excerpt:encoded>
		<wp:post_id>2</wp:post_id>
		<wp:post_date><![CDATA[2024-01-15 11:47:33]]></wp:post_date>
		<wp:post_date_gmt><![CDATA[2024-01-15 11:47:33]]></wp:post_date_gmt>
		<wp:post_modified><![CDATA[2024-01-22 08:55:13]]></wp:post_modified>
		<wp:post_modified_gmt><![CDATA[2024-01-22 08:55:13]]></wp:post_modified_gmt>
		<wp:comment_status><![CDATA[closed]]></wp:comment_status>
		<wp:ping_status><![CDATA[open]]></wp:ping_status>
		<wp:post_name><![CDATA[sample-page__trashed]]></wp:post_name>
		<wp:status><![CDATA[trash]]></wp:status>
		<wp:post_parent>0</wp:post_parent>
		<wp:menu_order>0</wp:menu_order>
		<wp:post_type><![CDATA[page]]></wp:post_type>
		<wp:post_password><![CDATA[]]></wp:post_password>
		<wp:is_sticky>0</wp:is_sticky>
														<wp:postmeta>
		<wp:meta_key><![CDATA[_wp_page_template]]></wp:meta_key>
		<wp:meta_value><![CDATA[default]]></wp:meta_value>
		</wp:postmeta>
							<wp:postmeta>
		<wp:meta_key><![CDATA[_wp_trash_meta_status]]></wp:meta_key>
		<wp:meta_value><![CDATA[publish]]></wp:meta_value>
		</wp:postmeta>
							<wp:postmeta>
		<wp:meta_key><![CDATA[_wp_trash_meta_time]]></wp:meta_key>
		<wp:meta_value><![CDATA[1705913713]]></wp:meta_value>
		</wp:postmeta>
							<wp:postmeta>
		<wp:meta_key><![CDATA[_wp_desired_post_slug]]></wp:meta_key>
		<wp:meta_value><![CDATA[sample-page]]></wp:meta_value>
		</wp:postmeta>
							</item>
					<item>
		<title><![CDATA[Privacy Policy]]></title>
		<link>http://localhost/wordpress/?page_id=3</link>
		<pubDate>Mon, 15 Jan 2024 11:47:33 +0000</pubDate>
		<dc:creator><![CDATA[admin]]></dc:creator>
		<guid isPermaLink="false">http://localhost/wordpress/?page_id=3</guid>
		<description></description>
		<content:encoded><![CDATA[<!-- wp:heading --><h2>Who we are</h2><!-- /wp:heading --><!-- wp:paragraph --><p><strong class="privacy-policy-tutorial">Suggested text: </strong>Our website address is: http://localhost/wordpress.</p><!-- /wp:paragraph --><!-- wp:heading --><h2>Comments</h2><!-- /wp:heading --><!-- wp:paragraph --><p><strong class="privacy-policy-tutorial">Suggested text: </strong>When visitors leave comments on the site we collect the data shown in the comments form, and also the visitor&#8217;s IP address and browser user agent string to help spam detection.</p><!-- /wp:paragraph --><!-- wp:paragraph --><p>An anonymized string created from your email address (also called a hash) may be provided to the Gravatar service to see if you are using it. The Gravatar service privacy policy is available here: https://automattic.com/privacy/. After approval of your comment, your profile picture is visible to the public in the context of your comment.</p><!-- /wp:paragraph --><!-- wp:heading --><h2>Media</h2><!-- /wp:heading --><!-- wp:paragraph --><p><strong class="privacy-policy-tutorial">Suggested text: </strong>If you upload images to the website, you should avoid uploading images with embedded location data (EXIF GPS) included. Visitors to the website can download and extract any location data from images on the website.</p><!-- /wp:paragraph --><!-- wp:heading --><h2>Cookies</h2><!-- /wp:heading --><!-- wp:paragraph --><p><strong class="privacy-policy-tutorial">Suggested text: </strong>If you leave a comment on our site you may opt-in to saving your name, email address and website in cookies. These are for your convenience so that you do not have to fill in your details again when you leave another comment. These cookies will last for one year.</p><!-- /wp:paragraph --><!-- wp:paragraph --><p>If you visit our login page, we will set a temporary cookie to determine if your browser accepts cookies. This cookie contains no personal data and is discarded when you close your browser.</p><!-- /wp:paragraph --><!-- wp:paragraph --><p>When you log in, we will also set up several cookies to save your login information and your screen display choices. Login cookies last for two days, and screen options cookies last for a year. If you select &quot;Remember Me&quot;, your login will persist for two weeks. If you log out of your account, the login cookies will be removed.</p><!-- /wp:paragraph --><!-- wp:paragraph --><p>If you edit or publish an article, an additional cookie will be saved in your browser. This cookie includes no personal data and simply indicates the post ID of the article you just edited. It expires after 1 day.</p><!-- /wp:paragraph --><!-- wp:heading --><h2>Embedded content from other websites</h2><!-- /wp:heading --><!-- wp:paragraph --><p><strong class="privacy-policy-tutorial">Suggested text: </strong>Articles on this site may include embedded content (e.g. videos, images, articles, etc.). Embedded content from other websites behaves in the exact same way as if the visitor has visited the other website.</p><!-- /wp:paragraph --><!-- wp:paragraph --><p>These websites may collect data about you, use cookies, embed additional third-party tracking, and monitor your interaction with that embedded content, including tracking your interaction with the embedded content if you have an account and are logged in to that website.</p><!-- /wp:paragraph --><!-- wp:heading --><h2>Who we share your data with</h2><!-- /wp:heading --><!-- wp:paragraph --><p><strong class="privacy-policy-tutorial">Suggested text: </strong>If you request a password reset, your IP address will be included in the reset email.</p><!-- /wp:paragraph --><!-- wp:heading --><h2>How long we retain your data</h2><!-- /wp:heading --><!-- wp:paragraph --><p><strong class="privacy-policy-tutorial">Suggested text: </strong>If you leave a comment, the comment and its metadata are retained indefinitely. This is so we can recognize and approve any follow-up comments automatically instead of holding them in a moderation queue.</p><!-- /wp:paragraph --><!-- wp:paragraph --><p>For users that register on our website (if any), we also store the personal information they provide in their user profile. All users can see, edit, or delete their personal information at any time (except they cannot change their username). Website administrators can also see and edit that information.</p><!-- /wp:paragraph --><!-- wp:heading --><h2>What rights you have over your data</h2><!-- /wp:heading --><!-- wp:paragraph --><p><strong class="privacy-policy-tutorial">Suggested text: </strong>If you have an account on this site, or have left comments, you can request to receive an exported file of the personal data we hold about you, including any data you have provided to us. You can also request that we erase any personal data we hold about you. This does not include any data we are obliged to keep for administrative, legal, or security purposes.</p><!-- /wp:paragraph --><!-- wp:heading --><h2>Where your data is sent</h2><!-- /wp:heading --><!-- wp:paragraph --><p><strong class="privacy-policy-tutorial">Suggested text: </strong>Visitor comments may be checked through an automated spam detection service.</p><!-- /wp:paragraph -->]]></content:encoded>
		<excerpt:encoded><![CDATA[]]></excerpt:encoded>
		<wp:post_id>3</wp:post_id>
		<wp:post_date><![CDATA[2024-01-15 11:47:33]]></wp:post_date>
		<wp:post_date_gmt><![CDATA[2024-01-15 11:47:33]]></wp:post_date_gmt>
		<wp:post_modified><![CDATA[2024-01-22 08:55:10]]></wp:post_modified>
		<wp:post_modified_gmt><![CDATA[2024-01-22 08:55:10]]></wp:post_modified_gmt>
		<wp:comment_status><![CDATA[closed]]></wp:comment_status>
		<wp:ping_status><![CDATA[open]]></wp:ping_status>
		<wp:post_name><![CDATA[privacy-policy__trashed]]></wp:post_name>
		<wp:status><![CDATA[trash]]></wp:status>
		<wp:post_parent>0</wp:post_parent>
		<wp:menu_order>0</wp:menu_order>
		<wp:post_type><![CDATA[page]]></wp:post_type>
		<wp:post_password><![CDATA[]]></wp:post_password>
		<wp:is_sticky>0</wp:is_sticky>
														<wp:postmeta>
		<wp:meta_key><![CDATA[_wp_page_template]]></wp:meta_key>
		<wp:meta_value><![CDATA[default]]></wp:meta_value>
		</wp:postmeta>
							<wp:postmeta>
		<wp:meta_key><![CDATA[_wp_trash_meta_status]]></wp:meta_key>
		<wp:meta_value><![CDATA[draft]]></wp:meta_value>
		</wp:postmeta>
							<wp:postmeta>
		<wp:meta_key><![CDATA[_wp_trash_meta_time]]></wp:meta_key>
		<wp:meta_value><![CDATA[1705913710]]></wp:meta_value>
		</wp:postmeta>
							<wp:postmeta>
		<wp:meta_key><![CDATA[_wp_desired_post_slug]]></wp:meta_key>
		<wp:meta_value><![CDATA[privacy-policy]]></wp:meta_value>
		</wp:postmeta>
							</item>
					<item>
		<title><![CDATA[Navigation]]></title>
		<link>http://localhost/wordpress/2024/01/15/navigation/</link>
		<pubDate>Mon, 15 Jan 2024 11:47:34 +0000</pubDate>
		<dc:creator><![CDATA[]]></dc:creator>
		<guid isPermaLink="false">http://localhost/wordpress/2024/01/15/navigation/</guid>
		<description></description>
		<content:encoded><![CDATA[<!-- wp:page-list /-->]]></content:encoded>
		<excerpt:encoded><![CDATA[]]></excerpt:encoded>
		<wp:post_id>4</wp:post_id>
		<wp:post_date><![CDATA[2024-01-15 11:47:34]]></wp:post_date>
		<wp:post_date_gmt><![CDATA[2024-01-15 11:47:34]]></wp:post_date_gmt>
		<wp:post_modified><![CDATA[2024-01-15 11:47:34]]></wp:post_modified>
		<wp:post_modified_gmt><![CDATA[2024-01-15 11:47:34]]></wp:post_modified_gmt>
		<wp:comment_status><![CDATA[closed]]></wp:comment_status>
		<wp:ping_status><![CDATA[closed]]></wp:ping_status>
		<wp:post_name><![CDATA[navigation]]></wp:post_name>
		<wp:status><![CDATA[publish]]></wp:status>
		<wp:post_parent>0</wp:post_parent>
		<wp:menu_order>0</wp:menu_order>
		<wp:post_type><![CDATA[wp_navigation]]></wp:post_type>
		<wp:post_password><![CDATA[]]></wp:post_password>
		<wp:is_sticky>0</wp:is_sticky>
														</item>
					<item>
		<title><![CDATA[Default Kit]]></title>
		<link>http://localhost/wordpress/?elementor_library=default-kit</link>
		<pubDate>Wed, 17 Jan 2024 08:56:56 +0000</pubDate>
		<dc:creator><![CDATA[admin]]></dc:creator>
		<guid isPermaLink="false">http://localhost/wordpress/?p=7</guid>
		<description></description>
		<content:encoded><![CDATA[]]></content:encoded>
		<excerpt:encoded><![CDATA[]]></excerpt:encoded>
		<wp:post_id>7</wp:post_id>
		<wp:post_date><![CDATA[2024-01-17 08:56:56]]></wp:post_date>
		<wp:post_date_gmt><![CDATA[2024-01-17 08:56:56]]></wp:post_date_gmt>
		<wp:post_modified><![CDATA[2024-01-31 09:05:54]]></wp:post_modified>
		<wp:post_modified_gmt><![CDATA[2024-01-31 09:05:54]]></wp:post_modified_gmt>
		<wp:comment_status><![CDATA[closed]]></wp:comment_status>
		<wp:ping_status><![CDATA[closed]]></wp:ping_status>
		<wp:post_name><![CDATA[default-kit]]></wp:post_name>
		<wp:status><![CDATA[publish]]></wp:status>
		<wp:post_parent>0</wp:post_parent>
		<wp:menu_order>0</wp:menu_order>
		<wp:post_type><![CDATA[elementor_library]]></wp:post_type>
		<wp:post_password><![CDATA[]]></wp:post_password>
		<wp:is_sticky>0</wp:is_sticky>
														<wp:postmeta>
		<wp:meta_key><![CDATA[_elementor_edit_mode]]></wp:meta_key>
		<wp:meta_value><![CDATA[builder]]></wp:meta_value>
		</wp:postmeta>
							<wp:postmeta>
		<wp:meta_key><![CDATA[_elementor_template_type]]></wp:meta_key>
		<wp:meta_value><![CDATA[kit]]></wp:meta_value>
		</wp:postmeta>
							<wp:postmeta>
		<wp:meta_key><![CDATA[_wp_page_template]]></wp:meta_key>
		<wp:meta_value><![CDATA[default]]></wp:meta_value>
		</wp:postmeta>
							<wp:postmeta>
		<wp:meta_key><![CDATA[_elementor_page_settings]]></wp:meta_key>
		<wp:meta_value><![CDATA[a:19:{s:32:"colors_enable_styleguide_preview";s:3:"yes";s:13:"system_colors";a:4:{i:0;a:3:{s:3:"_id";s:7:"primary";s:5:"title";s:7:"Primary";s:5:"color";s:7:"#000000";}i:1;a:3:{s:3:"_id";s:9:"secondary";s:5:"title";s:9:"Secondary";s:5:"color";s:7:"#54595F";}i:2;a:3:{s:3:"_id";s:4:"text";s:5:"title";s:4:"Text";s:5:"color";s:7:"#FFFFFF";}i:3;a:3:{s:3:"_id";s:6:"accent";s:5:"title";s:6:"Accent";s:5:"color";s:7:"#61CE70";}}s:13:"custom_colors";a:0:{}s:17:"system_typography";a:4:{i:0;a:5:{s:3:"_id";s:7:"primary";s:5:"title";s:7:"Primary";s:21:"typography_typography";s:6:"custom";s:22:"typography_font_family";s:6:"Roboto";s:22:"typography_font_weight";s:3:"600";}i:1;a:5:{s:3:"_id";s:9:"secondary";s:5:"title";s:9:"Secondary";s:21:"typography_typography";s:6:"custom";s:22:"typography_font_family";s:11:"Roboto Slab";s:22:"typography_font_weight";s:3:"400";}i:2;a:5:{s:3:"_id";s:4:"text";s:5:"title";s:4:"Text";s:21:"typography_typography";s:6:"custom";s:22:"typography_font_family";s:6:"Roboto";s:22:"typography_font_weight";s:3:"400";}i:3;a:5:{s:3:"_id";s:6:"accent";s:5:"title";s:6:"Accent";s:21:"typography_typography";s:6:"custom";s:22:"typography_font_family";s:6:"Roboto";s:22:"typography_font_weight";s:3:"500";}}s:17:"custom_typography";a:0:{}s:21:"default_generic_fonts";s:10:"Sans-serif";s:9:"site_name";s:17:"2I-REDES-M5-14353";s:19:"page_title_selector";s:14:"h1.entry-title";s:28:"hello_header_tagline_display";s:0:"";s:27:"hello_footer_copyright_text";s:19:"All rights reserved";s:15:"activeItemIndex";i:1;s:11:"viewport_md";i:768;s:11:"viewport_lg";i:1025;s:9:"site_logo";a:5:{s:3:"url";s:105:"http://localhost/wordpress/wp-content/uploads/2024/01/dds_line-high-resolution-logo-white-transparent.png";s:2:"id";i:23;s:4:"size";s:0:"";s:3:"alt";s:0:"";s:6:"source";s:7:"library";}s:26:"body_background_background";s:7:"classic";s:25:"hello_footer_logo_display";s:0:"";s:16:"hello_footer_gap";a:3:{s:4:"unit";s:2:"px";s:4:"size";i:0;s:5:"sizes";a:0:{}}s:11:"__globals__";a:1:{s:21:"body_background_color";s:0:"";}s:21:"body_background_color";s:7:"#0A0A0A";}]]></wp:meta_value>
		</wp:postmeta>
							<wp:postmeta>
		<wp:meta_key><![CDATA[_elementor_data]]></wp:meta_key>
		<wp:meta_value><![CDATA[[]]]></wp:meta_value>
		</wp:postmeta>
							<wp:postmeta>
		<wp:meta_key><![CDATA[_elementor_page_assets]]></wp:meta_key>
		<wp:meta_value><![CDATA[a:0:{}]]></wp:meta_value>
		</wp:postmeta>
							<wp:postmeta>
		<wp:meta_key><![CDATA[_elementor_version]]></wp:meta_key>
		<wp:meta_value><![CDATA[3.18.3]]></wp:meta_value>
		</wp:postmeta>
							</item>
					<item>
		<title><![CDATA[homepage-hello]]></title>
		<link>http://localhost/wordpress/</link>
		<pubDate>Mon, 22 Jan 2024 08:55:42 +0000</pubDate>
		<dc:creator><![CDATA[admin]]></dc:creator>
		<guid isPermaLink="false">http://localhost/wordpress/?page_id=11</guid>
		<description></description>
		<content:encoded><![CDATA[<style>/*! elementor - v3.18.0 - 20-12-2023 */
.elementor-heading-title{padding:0;margin:0;line-height:1}.elementor-widget-heading .elementor-heading-title[class*=elementor-size-]>a{color:inherit;font-size:inherit;line-height:inherit}.elementor-widget-heading .elementor-heading-title.elementor-size-small{font-size:15px}.elementor-widget-heading .elementor-heading-title.elementor-size-medium{font-size:19px}.elementor-widget-heading .elementor-heading-title.elementor-size-large{font-size:29px}.elementor-widget-heading .elementor-heading-title.elementor-size-xl{font-size:39px}.elementor-widget-heading .elementor-heading-title.elementor-size-xxl{font-size:59px}</style><h2>Unleash the power of your BEAST!</h2>		
		<p>DDS_line is focus on giving the best treatment for your car and the best customer service. Our team work will certainly be the best for cleaning and protecting you car. Hope you can trust us!</p>		
			<style>/*! elementor - v3.18.0 - 20-12-2023 */
.elementor-widget-image{text-align:center}.elementor-widget-image a{display:inline-block}.elementor-widget-image a img[src$=".svg"]{width:48px}.elementor-widget-image img{vertical-align:middle;display:inline-block}</style>												<img src="http://localhost/wordpress/wp-content/uploads/elementor/thumbs/MG_7201-scaled-qirz1y5ow342ltvstg65kbjug7hmqr34s2scj2jgvk.webp" title="MG_7201" alt="MG_7201" loading="lazy" />															
			<a href="#">
						Learn more
					</a>
			<h2>Exterior Detailing</h2>		
		<p>Lorem ipsum dolor sit amet, consectetur adipiscing elit. Ut elit tellus, luctus nec ullamcorper mattis, pulvinar dapibus leo.</p>		
			<h2>Interior Detailing</h2>		
		<p>Lorem ipsum dolor sit amet, consectetur adipiscing elit. Ut elit tellus, luctus nec ullamcorper mattis, pulvinar dapibus leo.</p>		
			<h2>Paint protection</h2>		
		<p>Lorem ipsum dolor sit amet, consectetur adipiscing elit. Ut elit tellus, luctus nec ullamcorper mattis, pulvinar dapibus leo.</p>		
			<h2>Headlight Restoration</h2>		
		<p>Lorem ipsum dolor sit amet, consectetur adipiscing elit. Ut elit tellus, luctus nec ullamcorper mattis, pulvinar dapibus leo.</p>		
			<h2>Painting your car</h2>		
		<p>If you want to have a specific color type on your car just ask us if we have it!</p><p>If we do, talk to us to get an open space for your car</p>		
			<a href="#">
						Click here
					</a>
															<img width="768" height="512" src="http://localhost/wordpress/wp-content/uploads/2024/01/pexels-dvisuals-10255088-768x512.jpg" alt="" srcset="http://localhost/wordpress/wp-content/uploads/2024/01/pexels-dvisuals-10255088-768x512.jpg 768w, http://localhost/wordpress/wp-content/uploads/2024/01/pexels-dvisuals-10255088-300x200.jpg 300w, http://localhost/wordpress/wp-content/uploads/2024/01/pexels-dvisuals-10255088-1024x683.jpg 1024w, http://localhost/wordpress/wp-content/uploads/2024/01/pexels-dvisuals-10255088-1536x1024.jpg 1536w, http://localhost/wordpress/wp-content/uploads/2024/01/pexels-dvisuals-10255088-2048x1365.jpg 2048w" sizes="(max-width: 768px) 100vw, 768px" />															
															<img width="800" height="534" src="http://localhost/wordpress/wp-content/uploads/2024/01/MicrosoftTeams-image.webp" alt="" srcset="http://localhost/wordpress/wp-content/uploads/2024/01/MicrosoftTeams-image.webp 1000w, http://localhost/wordpress/wp-content/uploads/2024/01/MicrosoftTeams-image-300x200.webp 300w, http://localhost/wordpress/wp-content/uploads/2024/01/MicrosoftTeams-image-768x512.webp 768w" sizes="(max-width: 800px) 100vw, 800px" />															
			<h2>Film</h2>		
		<p>We have a service made by our best experts to protect your car or make it look better</p>		
			<h2>Add Your Heading Text Here</h2>		
		<p>Lorem ipsum dolor sit amet, consectetur adipiscing elit. Ut elit tellus, luctus nec ullamcorper mattis, pulvinar dapibus leo.</p>		
<p role="status" aria-live="polite" aria-atomic="true"></p> <ul></ul>
<form action="/wordpress/wp-admin/admin-ajax.php#wpcf7-f44-o1" method="post" aria-label="Contact form" novalidate="novalidate" data-status="init">
<input type="hidden" name="_wpcf7" value="44" />
<input type="hidden" name="_wpcf7_version" value="5.8.6" />
<input type="hidden" name="_wpcf7_locale" value="en_US" />
<input type="hidden" name="_wpcf7_unit_tag" value="wpcf7-f44-o1" />
<input type="hidden" name="_wpcf7_container_post" value="0" />
<input type="hidden" name="_wpcf7_posted_data_hash" value="" />
<p><input size="40" id="email" aria-required="true" aria-invalid="false" placeholder="Your email:" value="" type="email" name="email-137" />
</p>
</form>]]></content:encoded>
		<excerpt:encoded><![CDATA[]]></excerpt:encoded>
		<wp:post_id>11</wp:post_id>
		<wp:post_date><![CDATA[2024-01-22 08:55:42]]></wp:post_date>
		<wp:post_date_gmt><![CDATA[2024-01-22 08:55:42]]></wp:post_date_gmt>
		<wp:post_modified><![CDATA[2024-02-05 11:26:39]]></wp:post_modified>
		<wp:post_modified_gmt><![CDATA[2024-02-05 11:26:39]]></wp:post_modified_gmt>
		<wp:comment_status><![CDATA[closed]]></wp:comment_status>
		<wp:ping_status><![CDATA[closed]]></wp:ping_status>
		<wp:post_name><![CDATA[homepage-hello]]></wp:post_name>
		<wp:status><![CDATA[publish]]></wp:status>
		<wp:post_parent>0</wp:post_parent>
		<wp:menu_order>0</wp:menu_order>
		<wp:post_type><![CDATA[page]]></wp:post_type>
		<wp:post_password><![CDATA[]]></wp:post_password>
		<wp:is_sticky>0</wp:is_sticky>
														<wp:postmeta>
		<wp:meta_key><![CDATA[_elementor_template_type]]></wp:meta_key>
		<wp:meta_value><![CDATA[wp-page]]></wp:meta_value>
		</wp:postmeta>
							<wp:postmeta>
		<wp:meta_key><![CDATA[_elementor_version]]></wp:meta_key>
		<wp:meta_value><![CDATA[3.18.3]]></wp:meta_value>
		</wp:postmeta>
							<wp:postmeta>
		<wp:meta_key><![CDATA[_elementor_edit_mode]]></wp:meta_key>
		<wp:meta_value><![CDATA[builder]]></wp:meta_value>
		</wp:postmeta>
							<wp:postmeta>
		<wp:meta_key><![CDATA[_wp_page_template]]></wp:meta_key>
		<wp:meta_value><![CDATA[default]]></wp:meta_value>
		</wp:postmeta>
							<wp:postmeta>
		<wp:meta_key><![CDATA[_elementor_data]]></wp:meta_key>
		<wp:meta_value><![CDATA[[{"id":"4ee7af1","elType":"container","settings":[],"elements":[{"id":"7c9fab1","elType":"widget","settings":{"title":"Unleash the power of your BEAST!","size":"xl","align":"center","title_color":"#FF0000"},"elements":[],"widgetType":"heading"},{"id":"8b1ebab","elType":"widget","settings":{"editor":"<p>DDS_line is focus on giving the best treatment for your car and the best customer service. Our team work will certainly be the best for cleaning and protecting you car. Hope you can trust us!<\/p>"},"elements":[],"widgetType":"text-editor"},{"id":"8ebf0bf","elType":"widget","settings":{"image":{"url":"http:\/\/localhost\/wordpress\/wp-content\/uploads\/2024\/01\/MG_7201-scaled.webp","id":34,"size":"","alt":"","source":"library"},"image_size":"custom","image_custom_dimension":{"width":"1920","height":"1080"},"width":{"unit":"%","size":100,"sizes":[]}},"elements":[],"widgetType":"image"},{"id":"073465a","elType":"widget","settings":{"text":"Learn more","align":"center"},"elements":[],"widgetType":"button"}],"isInner":false},{"id":"87d8249","elType":"container","settings":[],"elements":[],"isInner":false},{"id":"cf67085","elType":"container","settings":{"flex_direction":"row","flex_wrap":"wrap","flex_gap":{"unit":"px","size":0,"column":"0","row":"0"},"background_background":"classic","background_color":"#4B4B4B"},"elements":[{"id":"c3ece88","elType":"container","settings":{"flex_direction":"column","content_width":"full","width":{"unit":"%","size":"50"}},"elements":[{"id":"c9bf7f0","elType":"widget","settings":{"title":"Exterior Detailing","title_color":"#FF0000"},"elements":[],"widgetType":"heading"},{"id":"cbddbd0","elType":"widget","settings":[],"elements":[],"widgetType":"text-editor"}],"isInner":true},{"id":"9ee34b2","elType":"container","settings":{"flex_direction":"column","content_width":"full","width":{"unit":"%","size":"50"}},"elements":[{"id":"00ce093","elType":"widget","settings":{"title":"Interior Detailing","title_color":"#EE0000"},"elements":[],"widgetType":"heading"},{"id":"21483da","elType":"widget","settings":[],"elements":[],"widgetType":"text-editor"}],"isInner":true},{"id":"c466c73","elType":"container","settings":{"flex_direction":"column","content_width":"full","width":{"unit":"%","size":"50"}},"elements":[{"id":"d14c43a","elType":"widget","settings":{"title":"Paint protection","title_color":"#FF0000"},"elements":[],"widgetType":"heading"},{"id":"f168f4c","elType":"widget","settings":[],"elements":[],"widgetType":"text-editor"}],"isInner":true},{"id":"fb63c74","elType":"container","settings":{"flex_direction":"column","content_width":"full","width":{"unit":"%","size":"50"}},"elements":[{"id":"9acc68b","elType":"widget","settings":{"title":"Headlight Restoration","title_color":"#FF0000"},"elements":[],"widgetType":"heading"},{"id":"1549dc8","elType":"widget","settings":[],"elements":[],"widgetType":"text-editor"}],"isInner":true}],"isInner":false},{"id":"7a6f0b7","elType":"container","settings":{"flex_direction":"row","flex_gap":{"unit":"px","size":0,"column":"0","row":"0"}},"elements":[{"id":"ea9318a","elType":"container","settings":{"flex_direction":"column","content_width":"full","width":{"unit":"%","size":51.455},"_flex_size":"none","_element_width":"initial"},"elements":[{"id":"ed2b834","elType":"widget","settings":{"title":"Painting your car","title_color":"#FF0000"},"elements":[],"widgetType":"heading"},{"id":"3fe1b22","elType":"widget","settings":{"editor":"<p>If you want to have\u00a0a specific color type on your car just ask us if we have it!<\/p><p>If we do, talk to us to get an open space for your car<\/p>"},"elements":[],"widgetType":"text-editor"},{"id":"5783fec","elType":"widget","settings":{"text":"Click here"},"elements":[],"widgetType":"button"}],"isInner":true},{"id":"71d7edc","elType":"container","settings":{"flex_direction":"column","content_width":"full","width":{"unit":"%","size":"66.6666"}},"elements":[{"id":"272c837","elType":"widget","settings":{"image":{"url":"http:\/\/localhost\/wordpress\/wp-content\/uploads\/2024\/01\/pexels-dvisuals-10255088-scaled.jpg","id":20,"size":"","alt":"","source":"library"},"image_size":"medium_large","align":"right","width":{"unit":"%","size":100,"sizes":[]}},"elements":[],"widgetType":"image"}],"isInner":true}],"isInner":false},{"id":"e485651","elType":"container","settings":{"flex_direction":"row","flex_gap":{"unit":"px","size":0,"column":"0","row":"0"}},"elements":[{"id":"ff1e2d2","elType":"container","settings":{"flex_direction":"column","content_width":"full","width":{"unit":"%","size":53.507},"_flex_size":"none","_element_width":"initial"},"elements":[{"id":"6085c86","elType":"widget","settings":{"image":{"url":"http:\/\/localhost\/wordpress\/wp-content\/uploads\/2024\/01\/MicrosoftTeams-image.webp","id":63,"size":"","alt":"","source":"library"},"image_custom_dimension":{"width":"1920","height":"1080"}},"elements":[],"widgetType":"image"}],"isInner":true},{"id":"a0777b7","elType":"container","settings":{"flex_direction":"column","content_width":"full","width":{"unit":"%","size":"50"}},"elements":[{"id":"0f43ba5","elType":"widget","settings":{"title":"Film","title_color":"#FF0000"},"elements":[],"widgetType":"heading"},{"id":"143780f","elType":"widget","settings":{"editor":"<p>We have a service made by our best experts to protect your car or make it look better<\/p>"},"elements":[],"widgetType":"text-editor"}],"isInner":true}],"isInner":false},{"id":"8c056ed","elType":"container","settings":{"flex_direction":"column","background_background":"classic","background_color":"#4B4B4B","flex_justify_content":"center"},"elements":[{"id":"c5318b8","elType":"widget","settings":{"title":"Add Your Heading Text Here"},"elements":[],"widgetType":"heading"},{"id":"8787da2","elType":"widget","settings":[],"elements":[],"widgetType":"text-editor"},{"id":"6211d43","elType":"widget","settings":{"contact_form_list":"44","eael_contact_form_alignment":"center"},"elements":[],"widgetType":"eael-contact-form-7"}],"isInner":false}]]]></wp:meta_value>
		</wp:postmeta>
							<wp:postmeta>
		<wp:meta_key><![CDATA[_elementor_page_assets]]></wp:meta_key>
		<wp:meta_value><![CDATA[a:0:{}]]></wp:meta_value>
		</wp:postmeta>
							<wp:postmeta>
		<wp:meta_key><![CDATA[_elementor_page_settings]]></wp:meta_key>
		<wp:meta_value><![CDATA[a:2:{s:10:"hide_title";s:3:"yes";s:18:"eael_ext_toc_title";s:17:"Table of Contents";}]]></wp:meta_value>
		</wp:postmeta>
							<wp:postmeta>
		<wp:meta_key><![CDATA[_eael_custom_js]]></wp:meta_key>
		<wp:meta_value><![CDATA[]]></wp:meta_value>
		</wp:postmeta>
							<wp:postmeta>
		<wp:meta_key><![CDATA[_eael_widget_elements]]></wp:meta_key>
		<wp:meta_value><![CDATA[a:1:{s:14:"contact-form-7";s:14:"contact-form-7";}]]></wp:meta_value>
		</wp:postmeta>
							</item>
					<item>
		<title><![CDATA[Custom Styles]]></title>
		<link>http://localhost/wordpress/2024/01/22/wp-global-styles-twentytwentyfour/</link>
		<pubDate>Mon, 22 Jan 2024 08:55:20 +0000</pubDate>
		<dc:creator><![CDATA[admin]]></dc:creator>
		<guid isPermaLink="false">http://localhost/wordpress/2024/01/22/wp-global-styles-twentytwentyfour/</guid>
		<description></description>
		<content:encoded><![CDATA[{"version": 2, "isGlobalStylesUserThemeJSON": true }]]></content:encoded>
		<excerpt:encoded><![CDATA[]]></excerpt:encoded>
		<wp:post_id>12</wp:post_id>
		<wp:post_date><![CDATA[2024-01-22 08:55:20]]></wp:post_date>
		<wp:post_date_gmt><![CDATA[2024-01-22 08:55:20]]></wp:post_date_gmt>
		<wp:post_modified><![CDATA[2024-01-22 08:55:20]]></wp:post_modified>
		<wp:post_modified_gmt><![CDATA[2024-01-22 08:55:20]]></wp:post_modified_gmt>
		<wp:comment_status><![CDATA[closed]]></wp:comment_status>
		<wp:ping_status><![CDATA[closed]]></wp:ping_status>
		<wp:post_name><![CDATA[wp-global-styles-twentytwentyfour]]></wp:post_name>
		<wp:status><![CDATA[publish]]></wp:status>
		<wp:post_parent>0</wp:post_parent>
		<wp:menu_order>0</wp:menu_order>
		<wp:post_type><![CDATA[wp_global_styles]]></wp:post_type>
		<wp:post_password><![CDATA[]]></wp:post_password>
		<wp:is_sticky>0</wp:is_sticky>
										<category domain="wp_theme" nicename="twentytwentyfour"><![CDATA[twentytwentyfour]]></category>
						</item>
					<item>
		<title><![CDATA[pexels-low-is-3581833]]></title>
		<link>http://localhost/wordpress/pexels-low-is-3581833/</link>
		<pubDate>Mon, 22 Jan 2024 09:51:05 +0000</pubDate>
		<dc:creator><![CDATA[admin]]></dc:creator>
		<guid isPermaLink="false">http://localhost/wordpress/wp-content/uploads/2024/01/pexels-low-is-3581833.jpg</guid>
		<description></description>
		<content:encoded><![CDATA[]]></content:encoded>
		<excerpt:encoded><![CDATA[]]></excerpt:encoded>
		<wp:post_id>18</wp:post_id>
		<wp:post_date><![CDATA[2024-01-22 09:51:05]]></wp:post_date>
		<wp:post_date_gmt><![CDATA[2024-01-22 09:51:05]]></wp:post_date_gmt>
		<wp:post_modified><![CDATA[2024-01-22 09:51:05]]></wp:post_modified>
		<wp:post_modified_gmt><![CDATA[2024-01-22 09:51:05]]></wp:post_modified_gmt>
		<wp:comment_status><![CDATA[open]]></wp:comment_status>
		<wp:ping_status><![CDATA[closed]]></wp:ping_status>
		<wp:post_name><![CDATA[pexels-low-is-3581833]]></wp:post_name>
		<wp:status><![CDATA[inherit]]></wp:status>
		<wp:post_parent>0</wp:post_parent>
		<wp:menu_order>0</wp:menu_order>
		<wp:post_type><![CDATA[attachment]]></wp:post_type>
		<wp:post_password><![CDATA[]]></wp:post_password>
		<wp:is_sticky>0</wp:is_sticky>
						<wp:attachment_url><![CDATA[http://localhost/wordpress/wp-content/uploads/2024/01/pexels-low-is-3581833-scaled.jpg]]></wp:attachment_url>
											<wp:postmeta>
		<wp:meta_key><![CDATA[_wp_attached_file]]></wp:meta_key>
		<wp:meta_value><![CDATA[2024/01/pexels-low-is-3581833-scaled.jpg]]></wp:meta_value>
		</wp:postmeta>
							<wp:postmeta>
		<wp:meta_key><![CDATA[_wp_attachment_metadata]]></wp:meta_key>
		<wp:meta_value><![CDATA[a:7:{s:5:"width";i:1849;s:6:"height";i:2560;s:4:"file";s:40:"2024/01/pexels-low-is-3581833-scaled.jpg";s:8:"filesize";i:401754;s:5:"sizes";a:6:{s:6:"medium";a:5:{s:4:"file";s:33:"pexels-low-is-3581833-217x300.jpg";s:5:"width";i:217;s:6:"height";i:300;s:9:"mime-type";s:10:"image/jpeg";s:8:"filesize";i:9233;}s:5:"large";a:5:{s:4:"file";s:34:"pexels-low-is-3581833-740x1024.jpg";s:5:"width";i:740;s:6:"height";i:1024;s:9:"mime-type";s:10:"image/jpeg";s:8:"filesize";i:76245;}s:9:"thumbnail";a:5:{s:4:"file";s:33:"pexels-low-is-3581833-150x150.jpg";s:5:"width";i:150;s:6:"height";i:150;s:9:"mime-type";s:10:"image/jpeg";s:8:"filesize";i:4245;}s:12:"medium_large";a:5:{s:4:"file";s:34:"pexels-low-is-3581833-768x1063.jpg";s:5:"width";i:768;s:6:"height";i:1063;s:9:"mime-type";s:10:"image/jpeg";s:8:"filesize";i:81297;}s:9:"1536x1536";a:5:{s:4:"file";s:35:"pexels-low-is-3581833-1110x1536.jpg";s:5:"width";i:1110;s:6:"height";i:1536;s:9:"mime-type";s:10:"image/jpeg";s:8:"filesize";i:160796;}s:9:"2048x2048";a:5:{s:4:"file";s:35:"pexels-low-is-3581833-1479x2048.jpg";s:5:"width";i:1479;s:6:"height";i:2048;s:9:"mime-type";s:10:"image/jpeg";s:8:"filesize";i:270460;}}s:10:"image_meta";a:12:{s:8:"aperture";s:1:"0";s:6:"credit";s:0:"";s:6:"camera";s:0:"";s:7:"caption";s:0:"";s:17:"created_timestamp";s:1:"0";s:9:"copyright";s:0:"";s:12:"focal_length";s:1:"0";s:3:"iso";s:1:"0";s:13:"shutter_speed";s:1:"0";s:5:"title";s:0:"";s:11:"orientation";s:1:"0";s:8:"keywords";a:0:{}}s:14:"original_image";s:25:"pexels-low-is-3581833.jpg";}]]></wp:meta_value>
		</wp:postmeta>
							</item>
					<item>
		<title><![CDATA[pexels-low-is-3581833]]></title>
		<link>http://localhost/wordpress/homepage-hello/pexels-low-is-3581833-2/</link>
		<pubDate>Mon, 22 Jan 2024 09:51:21 +0000</pubDate>
		<dc:creator><![CDATA[admin]]></dc:creator>
		<guid isPermaLink="false">http://localhost/wordpress/wp-content/uploads/2024/01/pexels-low-is-3581833-1.jpg</guid>
		<description></description>
		<content:encoded><![CDATA[]]></content:encoded>
		<excerpt:encoded><![CDATA[]]></excerpt:encoded>
		<wp:post_id>19</wp:post_id>
		<wp:post_date><![CDATA[2024-01-22 09:51:21]]></wp:post_date>
		<wp:post_date_gmt><![CDATA[2024-01-22 09:51:21]]></wp:post_date_gmt>
		<wp:post_modified><![CDATA[2024-01-22 09:51:21]]></wp:post_modified>
		<wp:post_modified_gmt><![CDATA[2024-01-22 09:51:21]]></wp:post_modified_gmt>
		<wp:comment_status><![CDATA[open]]></wp:comment_status>
		<wp:ping_status><![CDATA[closed]]></wp:ping_status>
		<wp:post_name><![CDATA[pexels-low-is-3581833-2]]></wp:post_name>
		<wp:status><![CDATA[inherit]]></wp:status>
		<wp:post_parent>11</wp:post_parent>
		<wp:menu_order>0</wp:menu_order>
		<wp:post_type><![CDATA[attachment]]></wp:post_type>
		<wp:post_password><![CDATA[]]></wp:post_password>
		<wp:is_sticky>0</wp:is_sticky>
						<wp:attachment_url><![CDATA[http://localhost/wordpress/wp-content/uploads/2024/01/pexels-low-is-3581833-1-scaled.jpg]]></wp:attachment_url>
											<wp:postmeta>
		<wp:meta_key><![CDATA[_wp_attached_file]]></wp:meta_key>
		<wp:meta_value><![CDATA[2024/01/pexels-low-is-3581833-1-scaled.jpg]]></wp:meta_value>
		</wp:postmeta>
							<wp:postmeta>
		<wp:meta_key><![CDATA[_wp_attachment_metadata]]></wp:meta_key>
		<wp:meta_value><![CDATA[a:7:{s:5:"width";i:1849;s:6:"height";i:2560;s:4:"file";s:42:"2024/01/pexels-low-is-3581833-1-scaled.jpg";s:8:"filesize";i:401754;s:5:"sizes";a:6:{s:6:"medium";a:5:{s:4:"file";s:35:"pexels-low-is-3581833-1-217x300.jpg";s:5:"width";i:217;s:6:"height";i:300;s:9:"mime-type";s:10:"image/jpeg";s:8:"filesize";i:9233;}s:5:"large";a:5:{s:4:"file";s:36:"pexels-low-is-3581833-1-740x1024.jpg";s:5:"width";i:740;s:6:"height";i:1024;s:9:"mime-type";s:10:"image/jpeg";s:8:"filesize";i:76245;}s:9:"thumbnail";a:5:{s:4:"file";s:35:"pexels-low-is-3581833-1-150x150.jpg";s:5:"width";i:150;s:6:"height";i:150;s:9:"mime-type";s:10:"image/jpeg";s:8:"filesize";i:4245;}s:12:"medium_large";a:5:{s:4:"file";s:36:"pexels-low-is-3581833-1-768x1063.jpg";s:5:"width";i:768;s:6:"height";i:1063;s:9:"mime-type";s:10:"image/jpeg";s:8:"filesize";i:81297;}s:9:"1536x1536";a:5:{s:4:"file";s:37:"pexels-low-is-3581833-1-1110x1536.jpg";s:5:"width";i:1110;s:6:"height";i:1536;s:9:"mime-type";s:10:"image/jpeg";s:8:"filesize";i:160796;}s:9:"2048x2048";a:5:{s:4:"file";s:37:"pexels-low-is-3581833-1-1479x2048.jpg";s:5:"width";i:1479;s:6:"height";i:2048;s:9:"mime-type";s:10:"image/jpeg";s:8:"filesize";i:270460;}}s:10:"image_meta";a:12:{s:8:"aperture";s:1:"0";s:6:"credit";s:0:"";s:6:"camera";s:0:"";s:7:"caption";s:0:"";s:17:"created_timestamp";s:1:"0";s:9:"copyright";s:0:"";s:12:"focal_length";s:1:"0";s:3:"iso";s:1:"0";s:13:"shutter_speed";s:1:"0";s:5:"title";s:0:"";s:11:"orientation";s:1:"0";s:8:"keywords";a:0:{}}s:14:"original_image";s:27:"pexels-low-is-3581833-1.jpg";}]]></wp:meta_value>
		</wp:postmeta>
							</item>
					<item>
		<title><![CDATA[pexels-dvisuals-10255088]]></title>
		<link>http://localhost/wordpress/homepage-hello/pexels-dvisuals-10255088/</link>
		<pubDate>Mon, 22 Jan 2024 09:57:47 +0000</pubDate>
		<dc:creator><![CDATA[admin]]></dc:creator>
		<guid isPermaLink="false">http://localhost/wordpress/wp-content/uploads/2024/01/pexels-dvisuals-10255088.jpg</guid>
		<description></description>
		<content:encoded><![CDATA[]]></content:encoded>
		<excerpt:encoded><![CDATA[]]></excerpt:encoded>
		<wp:post_id>20</wp:post_id>
		<wp:post_date><![CDATA[2024-01-22 09:57:47]]></wp:post_date>
		<wp:post_date_gmt><![CDATA[2024-01-22 09:57:47]]></wp:post_date_gmt>
		<wp:post_modified><![CDATA[2024-01-22 09:57:47]]></wp:post_modified>
		<wp:post_modified_gmt><![CDATA[2024-01-22 09:57:47]]></wp:post_modified_gmt>
		<wp:comment_status><![CDATA[open]]></wp:comment_status>
		<wp:ping_status><![CDATA[closed]]></wp:ping_status>
		<wp:post_name><![CDATA[pexels-dvisuals-10255088]]></wp:post_name>
		<wp:status><![CDATA[inherit]]></wp:status>
		<wp:post_parent>11</wp:post_parent>
		<wp:menu_order>0</wp:menu_order>
		<wp:post_type><![CDATA[attachment]]></wp:post_type>
		<wp:post_password><![CDATA[]]></wp:post_password>
		<wp:is_sticky>0</wp:is_sticky>
						<wp:attachment_url><![CDATA[http://localhost/wordpress/wp-content/uploads/2024/01/pexels-dvisuals-10255088-scaled.jpg]]></wp:attachment_url>
											<wp:postmeta>
		<wp:meta_key><![CDATA[_wp_attached_file]]></wp:meta_key>
		<wp:meta_value><![CDATA[2024/01/pexels-dvisuals-10255088-scaled.jpg]]></wp:meta_value>
		</wp:postmeta>
							<wp:postmeta>
		<wp:meta_key><![CDATA[_wp_attachment_metadata]]></wp:meta_key>
		<wp:meta_value><![CDATA[a:7:{s:5:"width";i:2560;s:6:"height";i:1707;s:4:"file";s:43:"2024/01/pexels-dvisuals-10255088-scaled.jpg";s:8:"filesize";i:627684;s:5:"sizes";a:6:{s:6:"medium";a:5:{s:4:"file";s:36:"pexels-dvisuals-10255088-300x200.jpg";s:5:"width";i:300;s:6:"height";i:200;s:9:"mime-type";s:10:"image/jpeg";s:8:"filesize";i:17912;}s:5:"large";a:5:{s:4:"file";s:37:"pexels-dvisuals-10255088-1024x683.jpg";s:5:"width";i:1024;s:6:"height";i:683;s:9:"mime-type";s:10:"image/jpeg";s:8:"filesize";i:140946;}s:9:"thumbnail";a:5:{s:4:"file";s:36:"pexels-dvisuals-10255088-150x150.jpg";s:5:"width";i:150;s:6:"height";i:150;s:9:"mime-type";s:10:"image/jpeg";s:8:"filesize";i:7585;}s:12:"medium_large";a:5:{s:4:"file";s:36:"pexels-dvisuals-10255088-768x512.jpg";s:5:"width";i:768;s:6:"height";i:512;s:9:"mime-type";s:10:"image/jpeg";s:8:"filesize";i:86837;}s:9:"1536x1536";a:5:{s:4:"file";s:38:"pexels-dvisuals-10255088-1536x1024.jpg";s:5:"width";i:1536;s:6:"height";i:1024;s:9:"mime-type";s:10:"image/jpeg";s:8:"filesize";i:270408;}s:9:"2048x2048";a:5:{s:4:"file";s:38:"pexels-dvisuals-10255088-2048x1365.jpg";s:5:"width";i:2048;s:6:"height";i:1365;s:9:"mime-type";s:10:"image/jpeg";s:8:"filesize";i:433547;}}s:10:"image_meta";a:12:{s:8:"aperture";s:1:"0";s:6:"credit";s:0:"";s:6:"camera";s:0:"";s:7:"caption";s:0:"";s:17:"created_timestamp";s:1:"0";s:9:"copyright";s:0:"";s:12:"focal_length";s:1:"0";s:3:"iso";s:1:"0";s:13:"shutter_speed";s:1:"0";s:5:"title";s:0:"";s:11:"orientation";s:1:"0";s:8:"keywords";a:0:{}}s:14:"original_image";s:28:"pexels-dvisuals-10255088.jpg";}]]></wp:meta_value>
		</wp:postmeta>
							</item>
					<item>
		<title><![CDATA[dds_line-high-resolution-logo-white-transparent]]></title>
		<link>http://localhost/wordpress/?attachment_id=23</link>
		<pubDate>Wed, 24 Jan 2024 09:20:52 +0000</pubDate>
		<dc:creator><![CDATA[admin]]></dc:creator>
		<guid isPermaLink="false">http://localhost/wordpress/wp-content/uploads/2024/01/dds_line-high-resolution-logo-white-transparent.png</guid>
		<description></description>
		<content:encoded><![CDATA[]]></content:encoded>
		<excerpt:encoded><![CDATA[]]></excerpt:encoded>
		<wp:post_id>23</wp:post_id>
		<wp:post_date><![CDATA[2024-01-24 09:20:52]]></wp:post_date>
		<wp:post_date_gmt><![CDATA[2024-01-24 09:20:52]]></wp:post_date_gmt>
		<wp:post_modified><![CDATA[2024-01-24 09:20:52]]></wp:post_modified>
		<wp:post_modified_gmt><![CDATA[2024-01-24 09:20:52]]></wp:post_modified_gmt>
		<wp:comment_status><![CDATA[open]]></wp:comment_status>
		<wp:ping_status><![CDATA[closed]]></wp:ping_status>
		<wp:post_name><![CDATA[dds_line-high-resolution-logo-white-transparent]]></wp:post_name>
		<wp:status><![CDATA[inherit]]></wp:status>
		<wp:post_parent>7</wp:post_parent>
		<wp:menu_order>0</wp:menu_order>
		<wp:post_type><![CDATA[attachment]]></wp:post_type>
		<wp:post_password><![CDATA[]]></wp:post_password>
		<wp:is_sticky>0</wp:is_sticky>
						<wp:attachment_url><![CDATA[http://localhost/wordpress/wp-content/uploads/2024/01/dds_line-high-resolution-logo-white-transparent.png]]></wp:attachment_url>
											<wp:postmeta>
		<wp:meta_key><![CDATA[_wp_attached_file]]></wp:meta_key>
		<wp:meta_value><![CDATA[2024/01/dds_line-high-resolution-logo-white-transparent.png]]></wp:meta_value>
		</wp:postmeta>
							<wp:postmeta>
		<wp:meta_key><![CDATA[_wp_attachment_metadata]]></wp:meta_key>
		<wp:meta_value><![CDATA[a:6:{s:5:"width";i:2000;s:6:"height";i:247;s:4:"file";s:59:"2024/01/dds_line-high-resolution-logo-white-transparent.png";s:8:"filesize";i:17753;s:5:"sizes";a:5:{s:6:"medium";a:5:{s:4:"file";s:58:"dds_line-high-resolution-logo-white-transparent-300x37.png";s:5:"width";i:300;s:6:"height";i:37;s:9:"mime-type";s:9:"image/png";s:8:"filesize";i:3881;}s:5:"large";a:5:{s:4:"file";s:60:"dds_line-high-resolution-logo-white-transparent-1024x126.png";s:5:"width";i:1024;s:6:"height";i:126;s:9:"mime-type";s:9:"image/png";s:8:"filesize";i:16259;}s:9:"thumbnail";a:5:{s:4:"file";s:59:"dds_line-high-resolution-logo-white-transparent-150x150.png";s:5:"width";i:150;s:6:"height";i:150;s:9:"mime-type";s:9:"image/png";s:8:"filesize";i:2685;}s:12:"medium_large";a:5:{s:4:"file";s:58:"dds_line-high-resolution-logo-white-transparent-768x95.png";s:5:"width";i:768;s:6:"height";i:95;s:9:"mime-type";s:9:"image/png";s:8:"filesize";i:11571;}s:9:"1536x1536";a:5:{s:4:"file";s:60:"dds_line-high-resolution-logo-white-transparent-1536x190.png";s:5:"width";i:1536;s:6:"height";i:190;s:9:"mime-type";s:9:"image/png";s:8:"filesize";i:27305;}}s:10:"image_meta";a:12:{s:8:"aperture";s:1:"0";s:6:"credit";s:0:"";s:6:"camera";s:0:"";s:7:"caption";s:0:"";s:17:"created_timestamp";s:1:"0";s:9:"copyright";s:0:"";s:12:"focal_length";s:1:"0";s:3:"iso";s:1:"0";s:13:"shutter_speed";s:1:"0";s:5:"title";s:0:"";s:11:"orientation";s:1:"0";s:8:"keywords";a:0:{}}}]]></wp:meta_value>
		</wp:postmeta>
							</item>
					<item>
		<title><![CDATA[DDS_Line]]></title>
		<link>http://localhost/wordpress/?page_id=26</link>
		<pubDate>Wed, 24 Jan 2024 09:41:40 +0000</pubDate>
		<dc:creator><![CDATA[admin]]></dc:creator>
		<guid isPermaLink="false">http://localhost/wordpress/?page_id=26</guid>
		<description></description>
		<content:encoded><![CDATA[<style>/*! elementor - v3.18.0 - 20-12-2023 */
.elementor-heading-title{padding:0;margin:0;line-height:1}.elementor-widget-heading .elementor-heading-title[class*=elementor-size-]>a{color:inherit;font-size:inherit;line-height:inherit}.elementor-widget-heading .elementor-heading-title.elementor-size-small{font-size:15px}.elementor-widget-heading .elementor-heading-title.elementor-size-medium{font-size:19px}.elementor-widget-heading .elementor-heading-title.elementor-size-large{font-size:29px}.elementor-widget-heading .elementor-heading-title.elementor-size-xl{font-size:39px}.elementor-widget-heading .elementor-heading-title.elementor-size-xxl{font-size:59px}</style><h1>Unleash the power of your BEAST</h1>		
		<p>DDS_line is a trustful car detailing company, we are focused on giving the best costumer service possible and making your car clean and </p>		
			<style>/*! elementor - v3.18.0 - 20-12-2023 */
.elementor-widget-image{text-align:center}.elementor-widget-image a{display:inline-block}.elementor-widget-image a img[src$=".svg"]{width:48px}.elementor-widget-image img{vertical-align:middle;display:inline-block}</style>												<img src="http://localhost/wordpress/wp-content/uploads/elementor/thumbs/MG_7201-scaled-qirz1y5ow342ltvstg65kbjug7hmqr34s2scj2jgvk.webp" title="MG_7201" alt="MG_7201" loading="lazy" />															
			<a href="#">
						More Info
					</a>
			<h2>Services we Provide:</h2>		
			<h2>Add Your Heading Text Here</h2>		
		<p>Lorem ipsum dolor sit amet, consectetur adipiscing elit. Ut elit tellus, luctus nec ullamcorper mattis, pulvinar dapibus leo.</p>		
			<h2>Add Your Heading Text Here</h2>		
		<p>Lorem ipsum dolor sit amet, consectetur adipiscing elit. Ut elit tellus, luctus nec ullamcorper mattis, pulvinar dapibus leo.</p>		
			<h2>Add Your Heading Text Here</h2>		
		<p>Lorem ipsum dolor sit amet, consectetur adipiscing elit. Ut elit tellus, luctus nec ullamcorper mattis, pulvinar dapibus leo.</p>		
			<h2>Add Your Heading Text Here</h2>		
		<p>Lorem ipsum dolor sit amet, consectetur adipiscing elit. Ut elit tellus, luctus nec ullamcorper mattis, pulvinar dapibus leo.</p>]]></content:encoded>
		<excerpt:encoded><![CDATA[]]></excerpt:encoded>
		<wp:post_id>26</wp:post_id>
		<wp:post_date><![CDATA[2024-01-24 09:41:40]]></wp:post_date>
		<wp:post_date_gmt><![CDATA[2024-01-24 09:41:40]]></wp:post_date_gmt>
		<wp:post_modified><![CDATA[2024-02-05 11:06:35]]></wp:post_modified>
		<wp:post_modified_gmt><![CDATA[2024-02-05 11:06:35]]></wp:post_modified_gmt>
		<wp:comment_status><![CDATA[closed]]></wp:comment_status>
		<wp:ping_status><![CDATA[closed]]></wp:ping_status>
		<wp:post_name><![CDATA[dds_line__trashed]]></wp:post_name>
		<wp:status><![CDATA[trash]]></wp:status>
		<wp:post_parent>0</wp:post_parent>
		<wp:menu_order>0</wp:menu_order>
		<wp:post_type><![CDATA[page]]></wp:post_type>
		<wp:post_password><![CDATA[]]></wp:post_password>
		<wp:is_sticky>0</wp:is_sticky>
														<wp:postmeta>
		<wp:meta_key><![CDATA[_elementor_edit_mode]]></wp:meta_key>
		<wp:meta_value><![CDATA[builder]]></wp:meta_value>
		</wp:postmeta>
							<wp:postmeta>
		<wp:meta_key><![CDATA[_elementor_template_type]]></wp:meta_key>
		<wp:meta_value><![CDATA[wp-page]]></wp:meta_value>
		</wp:postmeta>
							<wp:postmeta>
		<wp:meta_key><![CDATA[_elementor_version]]></wp:meta_key>
		<wp:meta_value><![CDATA[3.18.3]]></wp:meta_value>
		</wp:postmeta>
							<wp:postmeta>
		<wp:meta_key><![CDATA[_wp_page_template]]></wp:meta_key>
		<wp:meta_value><![CDATA[default]]></wp:meta_value>
		</wp:postmeta>
							<wp:postmeta>
		<wp:meta_key><![CDATA[_elementor_data]]></wp:meta_key>
		<wp:meta_value><![CDATA[[{"id":"7e8b772","elType":"container","settings":[],"elements":[{"id":"e822724","elType":"container","settings":{"background_background":"gradient","background_color":"#FF0000","background_color_b":"#FF0000","border_border":"none"},"elements":[{"id":"b078999","elType":"widget","settings":{"title":"Unleash the power of your BEAST","size":"xl","header_size":"h1","align":"center","title_color":"#FFFFFF","typography_typography":"custom","typography_font_family":"Roboto Mono","typography_font_weight":"600"},"elements":[],"widgetType":"heading"},{"id":"e7ddf35","elType":"widget","settings":{"editor":"<p>DDS_line is a trustful car detailing company, we are focused on giving the best costumer service possible and making your car clean and\u00a0<\/p>"},"elements":[],"widgetType":"text-editor"},{"id":"dbbb68f","elType":"widget","settings":{"image":{"url":"http:\/\/localhost\/wordpress\/wp-content\/uploads\/2024\/01\/MG_7201-scaled.webp","id":34,"size":"","alt":"","source":"library"},"image_size":"custom","image_custom_dimension":{"width":"1920","height":"1080"}},"elements":[],"widgetType":"image"},{"id":"8f5b570","elType":"widget","settings":{"button_type":"info","text":"More Info","align":"center"},"elements":[],"widgetType":"button"}],"isInner":true},{"id":"8275a4c","elType":"widget","settings":{"title":"Services we Provide:","title_color":"#FF0000"},"elements":[],"widgetType":"heading"}],"isInner":false},{"id":"94cc828","elType":"container","settings":{"flex_direction":"row","flex_wrap":"wrap","flex_gap":{"unit":"px","size":0,"column":"0","row":"0"}},"elements":[{"id":"42f4592","elType":"container","settings":{"flex_direction":"column","content_width":"full","width":{"unit":"%","size":"50"}},"elements":[{"id":"ce90455","elType":"widget","settings":{"title":"Add Your Heading Text Here","title_color":"#FF0000"},"elements":[],"widgetType":"heading"},{"id":"a527fa0","elType":"widget","settings":[],"elements":[],"widgetType":"text-editor"}],"isInner":true},{"id":"079d51a","elType":"container","settings":{"flex_direction":"column","content_width":"full","width":{"unit":"%","size":"50"}},"elements":[{"id":"eaecad7","elType":"widget","settings":{"title":"Add Your Heading Text Here","title_color":"#FF0000"},"elements":[],"widgetType":"heading"},{"id":"d4f6e1d","elType":"widget","settings":[],"elements":[],"widgetType":"text-editor"}],"isInner":true},{"id":"9f6c1db","elType":"container","settings":{"flex_direction":"column","content_width":"full","width":{"unit":"%","size":"50"}},"elements":[{"id":"dc99541","elType":"widget","settings":{"title":"Add Your Heading Text Here","title_color":"#FF0000"},"elements":[],"widgetType":"heading"},{"id":"caf6cca","elType":"widget","settings":[],"elements":[],"widgetType":"text-editor"}],"isInner":true},{"id":"2601877","elType":"container","settings":{"flex_direction":"column","content_width":"full","width":{"unit":"%","size":"50"}},"elements":[{"id":"8463bbe","elType":"widget","settings":{"title":"Add Your Heading Text Here","title_color":"#FF0000"},"elements":[],"widgetType":"heading"},{"id":"8408723","elType":"widget","settings":[],"elements":[],"widgetType":"text-editor"}],"isInner":true}],"isInner":false}]]]></wp:meta_value>
		</wp:postmeta>
							<wp:postmeta>
		<wp:meta_key><![CDATA[_elementor_page_assets]]></wp:meta_key>
		<wp:meta_value><![CDATA[a:0:{}]]></wp:meta_value>
		</wp:postmeta>
							<wp:postmeta>
		<wp:meta_key><![CDATA[_wp_trash_meta_status]]></wp:meta_key>
		<wp:meta_value><![CDATA[publish]]></wp:meta_value>
		</wp:postmeta>
							<wp:postmeta>
		<wp:meta_key><![CDATA[_wp_trash_meta_time]]></wp:meta_key>
		<wp:meta_value><![CDATA[1707131195]]></wp:meta_value>
		</wp:postmeta>
							<wp:postmeta>
		<wp:meta_key><![CDATA[_wp_desired_post_slug]]></wp:meta_key>
		<wp:meta_value><![CDATA[dds_line]]></wp:meta_value>
		</wp:postmeta>
							</item>
					<item>
		<title><![CDATA[Services]]></title>
		<link>http://localhost/wordpress/2024/01/24/services/</link>
		<pubDate>Wed, 24 Jan 2024 09:45:30 +0000</pubDate>
		<dc:creator><![CDATA[admin]]></dc:creator>
		<guid isPermaLink="false">http://localhost/wordpress/?p=28</guid>
		<description></description>
		<content:encoded><![CDATA[]]></content:encoded>
		<excerpt:encoded><![CDATA[]]></excerpt:encoded>
		<wp:post_id>28</wp:post_id>
		<wp:post_date><![CDATA[2024-01-24 09:45:30]]></wp:post_date>
		<wp:post_date_gmt><![CDATA[2024-01-24 09:45:30]]></wp:post_date_gmt>
		<wp:post_modified><![CDATA[2024-01-24 09:45:30]]></wp:post_modified>
		<wp:post_modified_gmt><![CDATA[2024-01-24 09:45:30]]></wp:post_modified_gmt>
		<wp:comment_status><![CDATA[closed]]></wp:comment_status>
		<wp:ping_status><![CDATA[closed]]></wp:ping_status>
		<wp:post_name><![CDATA[services]]></wp:post_name>
		<wp:status><![CDATA[publish]]></wp:status>
		<wp:post_parent>0</wp:post_parent>
		<wp:menu_order>1</wp:menu_order>
		<wp:post_type><![CDATA[nav_menu_item]]></wp:post_type>
		<wp:post_password><![CDATA[]]></wp:post_password>
		<wp:is_sticky>0</wp:is_sticky>
										<category domain="nav_menu" nicename="menu-principal"><![CDATA[Menu Principal]]></category>
						<wp:postmeta>
		<wp:meta_key><![CDATA[_menu_item_type]]></wp:meta_key>
		<wp:meta_value><![CDATA[custom]]></wp:meta_value>
		</wp:postmeta>
							<wp:postmeta>
		<wp:meta_key><![CDATA[_menu_item_menu_item_parent]]></wp:meta_key>
		<wp:meta_value><![CDATA[0]]></wp:meta_value>
		</wp:postmeta>
							<wp:postmeta>
		<wp:meta_key><![CDATA[_menu_item_object_id]]></wp:meta_key>
		<wp:meta_value><![CDATA[28]]></wp:meta_value>
		</wp:postmeta>
							<wp:postmeta>
		<wp:meta_key><![CDATA[_menu_item_object]]></wp:meta_key>
		<wp:meta_value><![CDATA[custom]]></wp:meta_value>
		</wp:postmeta>
							<wp:postmeta>
		<wp:meta_key><![CDATA[_menu_item_target]]></wp:meta_key>
		<wp:meta_value><![CDATA[]]></wp:meta_value>
		</wp:postmeta>
							<wp:postmeta>
		<wp:meta_key><![CDATA[_menu_item_classes]]></wp:meta_key>
		<wp:meta_value><![CDATA[a:1:{i:0;s:0:"";}]]></wp:meta_value>
		</wp:postmeta>
							<wp:postmeta>
		<wp:meta_key><![CDATA[_menu_item_xfn]]></wp:meta_key>
		<wp:meta_value><![CDATA[]]></wp:meta_value>
		</wp:postmeta>
							<wp:postmeta>
		<wp:meta_key><![CDATA[_menu_item_url]]></wp:meta_key>
		<wp:meta_value><![CDATA[#]]></wp:meta_value>
		</wp:postmeta>
							</item>
					<item>
		<title><![CDATA[About]]></title>
		<link>http://localhost/wordpress/2024/01/24/about/</link>
		<pubDate>Wed, 24 Jan 2024 09:45:30 +0000</pubDate>
		<dc:creator><![CDATA[admin]]></dc:creator>
		<guid isPermaLink="false">http://localhost/wordpress/?p=29</guid>
		<description></description>
		<content:encoded><![CDATA[]]></content:encoded>
		<excerpt:encoded><![CDATA[]]></excerpt:encoded>
		<wp:post_id>29</wp:post_id>
		<wp:post_date><![CDATA[2024-01-24 09:45:30]]></wp:post_date>
		<wp:post_date_gmt><![CDATA[2024-01-24 09:45:30]]></wp:post_date_gmt>
		<wp:post_modified><![CDATA[2024-01-24 09:45:30]]></wp:post_modified>
		<wp:post_modified_gmt><![CDATA[2024-01-24 09:45:30]]></wp:post_modified_gmt>
		<wp:comment_status><![CDATA[closed]]></wp:comment_status>
		<wp:ping_status><![CDATA[closed]]></wp:ping_status>
		<wp:post_name><![CDATA[about]]></wp:post_name>
		<wp:status><![CDATA[publish]]></wp:status>
		<wp:post_parent>0</wp:post_parent>
		<wp:menu_order>2</wp:menu_order>
		<wp:post_type><![CDATA[nav_menu_item]]></wp:post_type>
		<wp:post_password><![CDATA[]]></wp:post_password>
		<wp:is_sticky>0</wp:is_sticky>
										<category domain="nav_menu" nicename="menu-principal"><![CDATA[Menu Principal]]></category>
						<wp:postmeta>
		<wp:meta_key><![CDATA[_menu_item_type]]></wp:meta_key>
		<wp:meta_value><![CDATA[custom]]></wp:meta_value>
		</wp:postmeta>
							<wp:postmeta>
		<wp:meta_key><![CDATA[_menu_item_menu_item_parent]]></wp:meta_key>
		<wp:meta_value><![CDATA[0]]></wp:meta_value>
		</wp:postmeta>
							<wp:postmeta>
		<wp:meta_key><![CDATA[_menu_item_object_id]]></wp:meta_key>
		<wp:meta_value><![CDATA[29]]></wp:meta_value>
		</wp:postmeta>
							<wp:postmeta>
		<wp:meta_key><![CDATA[_menu_item_object]]></wp:meta_key>
		<wp:meta_value><![CDATA[custom]]></wp:meta_value>
		</wp:postmeta>
							<wp:postmeta>
		<wp:meta_key><![CDATA[_menu_item_target]]></wp:meta_key>
		<wp:meta_value><![CDATA[]]></wp:meta_value>
		</wp:postmeta>
							<wp:postmeta>
		<wp:meta_key><![CDATA[_menu_item_classes]]></wp:meta_key>
		<wp:meta_value><![CDATA[a:1:{i:0;s:0:"";}]]></wp:meta_value>
		</wp:postmeta>
							<wp:postmeta>
		<wp:meta_key><![CDATA[_menu_item_xfn]]></wp:meta_key>
		<wp:meta_value><![CDATA[]]></wp:meta_value>
		</wp:postmeta>
							<wp:postmeta>
		<wp:meta_key><![CDATA[_menu_item_url]]></wp:meta_key>
		<wp:meta_value><![CDATA[#]]></wp:meta_value>
		</wp:postmeta>
							</item>
					<item>
		<title><![CDATA[Contacts]]></title>
		<link>http://localhost/wordpress/2024/01/24/contacts/</link>
		<pubDate>Wed, 24 Jan 2024 09:45:30 +0000</pubDate>
		<dc:creator><![CDATA[admin]]></dc:creator>
		<guid isPermaLink="false">http://localhost/wordpress/?p=30</guid>
		<description></description>
		<content:encoded><![CDATA[]]></content:encoded>
		<excerpt:encoded><![CDATA[]]></excerpt:encoded>
		<wp:post_id>30</wp:post_id>
		<wp:post_date><![CDATA[2024-01-24 09:45:30]]></wp:post_date>
		<wp:post_date_gmt><![CDATA[2024-01-24 09:45:30]]></wp:post_date_gmt>
		<wp:post_modified><![CDATA[2024-01-24 09:45:30]]></wp:post_modified>
		<wp:post_modified_gmt><![CDATA[2024-01-24 09:45:30]]></wp:post_modified_gmt>
		<wp:comment_status><![CDATA[closed]]></wp:comment_status>
		<wp:ping_status><![CDATA[closed]]></wp:ping_status>
		<wp:post_name><![CDATA[contacts]]></wp:post_name>
		<wp:status><![CDATA[publish]]></wp:status>
		<wp:post_parent>0</wp:post_parent>
		<wp:menu_order>3</wp:menu_order>
		<wp:post_type><![CDATA[nav_menu_item]]></wp:post_type>
		<wp:post_password><![CDATA[]]></wp:post_password>
		<wp:is_sticky>0</wp:is_sticky>
										<category domain="nav_menu" nicename="menu-principal"><![CDATA[Menu Principal]]></category>
						<wp:postmeta>
		<wp:meta_key><![CDATA[_menu_item_type]]></wp:meta_key>
		<wp:meta_value><![CDATA[custom]]></wp:meta_value>
		</wp:postmeta>
							<wp:postmeta>
		<wp:meta_key><![CDATA[_menu_item_menu_item_parent]]></wp:meta_key>
		<wp:meta_value><![CDATA[0]]></wp:meta_value>
		</wp:postmeta>
							<wp:postmeta>
		<wp:meta_key><![CDATA[_menu_item_object_id]]></wp:meta_key>
		<wp:meta_value><![CDATA[30]]></wp:meta_value>
		</wp:postmeta>
							<wp:postmeta>
		<wp:meta_key><![CDATA[_menu_item_object]]></wp:meta_key>
		<wp:meta_value><![CDATA[custom]]></wp:meta_value>
		</wp:postmeta>
							<wp:postmeta>
		<wp:meta_key><![CDATA[_menu_item_target]]></wp:meta_key>
		<wp:meta_value><![CDATA[]]></wp:meta_value>
		</wp:postmeta>
							<wp:postmeta>
		<wp:meta_key><![CDATA[_menu_item_classes]]></wp:meta_key>
		<wp:meta_value><![CDATA[a:1:{i:0;s:0:"";}]]></wp:meta_value>
		</wp:postmeta>
							<wp:postmeta>
		<wp:meta_key><![CDATA[_menu_item_xfn]]></wp:meta_key>
		<wp:meta_value><![CDATA[]]></wp:meta_value>
		</wp:postmeta>
							<wp:postmeta>
		<wp:meta_key><![CDATA[_menu_item_url]]></wp:meta_key>
		<wp:meta_value><![CDATA[#]]></wp:meta_value>
		</wp:postmeta>
							</item>
					<item>
		<title><![CDATA[MG_7201]]></title>
		<link>http://localhost/wordpress/?attachment_id=34</link>
		<pubDate>Wed, 24 Jan 2024 09:57:28 +0000</pubDate>
		<dc:creator><![CDATA[admin]]></dc:creator>
		<guid isPermaLink="false">http://localhost/wordpress/wp-content/uploads/2024/01/MG_7201.webp</guid>
		<description></description>
		<content:encoded><![CDATA[]]></content:encoded>
		<excerpt:encoded><![CDATA[]]></excerpt:encoded>
		<wp:post_id>34</wp:post_id>
		<wp:post_date><![CDATA[2024-01-24 09:57:28]]></wp:post_date>
		<wp:post_date_gmt><![CDATA[2024-01-24 09:57:28]]></wp:post_date_gmt>
		<wp:post_modified><![CDATA[2024-01-24 09:57:28]]></wp:post_modified>
		<wp:post_modified_gmt><![CDATA[2024-01-24 09:57:28]]></wp:post_modified_gmt>
		<wp:comment_status><![CDATA[open]]></wp:comment_status>
		<wp:ping_status><![CDATA[closed]]></wp:ping_status>
		<wp:post_name><![CDATA[mg_7201]]></wp:post_name>
		<wp:status><![CDATA[inherit]]></wp:status>
		<wp:post_parent>26</wp:post_parent>
		<wp:menu_order>0</wp:menu_order>
		<wp:post_type><![CDATA[attachment]]></wp:post_type>
		<wp:post_password><![CDATA[]]></wp:post_password>
		<wp:is_sticky>0</wp:is_sticky>
						<wp:attachment_url><![CDATA[http://localhost/wordpress/wp-content/uploads/2024/01/MG_7201-scaled.webp]]></wp:attachment_url>
											<wp:postmeta>
		<wp:meta_key><![CDATA[_wp_attached_file]]></wp:meta_key>
		<wp:meta_value><![CDATA[2024/01/MG_7201-scaled.webp]]></wp:meta_value>
		</wp:postmeta>
							<wp:postmeta>
		<wp:meta_key><![CDATA[_wp_attachment_metadata]]></wp:meta_key>
		<wp:meta_value><![CDATA[a:7:{s:5:"width";i:2560;s:6:"height";i:2560;s:4:"file";s:27:"2024/01/MG_7201-scaled.webp";s:8:"filesize";i:352634;s:5:"sizes";a:7:{s:6:"medium";a:5:{s:4:"file";s:20:"MG_7201-300x300.webp";s:5:"width";i:300;s:6:"height";i:300;s:9:"mime-type";s:10:"image/webp";s:8:"filesize";i:12440;}s:5:"large";a:5:{s:4:"file";s:22:"MG_7201-1024x1024.webp";s:5:"width";i:1024;s:6:"height";i:1024;s:9:"mime-type";s:10:"image/webp";s:8:"filesize";i:74430;}s:9:"thumbnail";a:5:{s:4:"file";s:20:"MG_7201-150x150.webp";s:5:"width";i:150;s:6:"height";i:150;s:9:"mime-type";s:10:"image/webp";s:8:"filesize";i:4502;}s:12:"medium_large";a:5:{s:4:"file";s:20:"MG_7201-768x768.webp";s:5:"width";i:768;s:6:"height";i:768;s:9:"mime-type";s:10:"image/webp";s:8:"filesize";i:48408;}s:9:"1536x1536";a:5:{s:4:"file";s:22:"MG_7201-1536x1536.webp";s:5:"width";i:1536;s:6:"height";i:1536;s:9:"mime-type";s:10:"image/webp";s:8:"filesize";i:141506;}s:9:"2048x2048";a:5:{s:4:"file";s:22:"MG_7201-2048x2048.webp";s:5:"width";i:2048;s:6:"height";i:2048;s:9:"mime-type";s:10:"image/webp";s:8:"filesize";i:237148;}s:26:"elementor_custom_1920x1080";a:4:{s:4:"file";s:79:"elementor/thumbs/MG_7201-scaled-qirz1y5ow342ltvstg65kbjug7hmqr34s2scj2jgvk.webp";s:5:"width";i:1920;s:6:"height";i:1080;s:9:"mime-type";s:10:"image/webp";}}s:10:"image_meta";a:12:{s:8:"aperture";s:1:"0";s:6:"credit";s:0:"";s:6:"camera";s:0:"";s:7:"caption";s:0:"";s:17:"created_timestamp";s:1:"0";s:9:"copyright";s:0:"";s:12:"focal_length";s:1:"0";s:3:"iso";s:1:"0";s:13:"shutter_speed";s:1:"0";s:5:"title";s:0:"";s:11:"orientation";s:1:"0";s:8:"keywords";a:0:{}}s:14:"original_image";s:12:"MG_7201.webp";}]]></wp:meta_value>
		</wp:postmeta>
							</item>
					<item>
		<title><![CDATA[Contact form 1]]></title>
		<link>http://localhost/wordpress/?post_type=wpcf7_contact_form&#038;p=44</link>
		<pubDate>Wed, 24 Jan 2024 10:09:55 +0000</pubDate>
		<dc:creator><![CDATA[admin]]></dc:creator>
		<guid isPermaLink="false">http://localhost/wordpress/?post_type=wpcf7_contact_form&#038;p=44</guid>
		<description></description>
		<content:encoded><![CDATA[[email* email-137 id:email class:email placeholder "Your email:"]
1
[_site_title] "[your-subject]"
[_site_title] <a14353@oficina.pt>
[_site_admin_email]
From: [your-name] [your-email]
Subject: [your-subject]

Message Body:
[your-message]

-- 
This is a notification that a contact form was submitted on your website ([_site_title] [_site_url]).
Reply-To: [your-email]




[_site_title] "[your-subject]"
[_site_title] <a14353@oficina.pt>
[your-email]
Message Body:
[your-message]

-- 
This email is a receipt for your contact form submission on our website ([_site_title] [_site_url]) in which your email address was used. If that was not you, please ignore this message.
Reply-To: [_site_admin_email]



Thank you for your message. It has been sent.
There was an error trying to send your message. Please try again later.
One or more fields have an error. Please check and try again.
There was an error trying to send your message. Please try again later.
You must accept the terms and conditions before sending your message.
Please fill out this field.
This field has a too long input.
This field has a too short input.
There was an unknown error uploading the file.
You are not allowed to upload files of this type.
The uploaded file is too large.
There was an error uploading the file.
Please enter a date in YYYY-MM-DD format.
This field has a too early date.
This field has a too late date.
Please enter a number.
This field has a too small number.
This field has a too large number.
The answer to the quiz is incorrect.
Please enter an email address.
Please enter a URL.
Please enter a telephone number.]]></content:encoded>
		<excerpt:encoded><![CDATA[]]></excerpt:encoded>
		<wp:post_id>44</wp:post_id>
		<wp:post_date><![CDATA[2024-01-24 10:09:55]]></wp:post_date>
		<wp:post_date_gmt><![CDATA[2024-01-24 10:09:55]]></wp:post_date_gmt>
		<wp:post_modified><![CDATA[2024-02-05 11:24:18]]></wp:post_modified>
		<wp:post_modified_gmt><![CDATA[2024-02-05 11:24:18]]></wp:post_modified_gmt>
		<wp:comment_status><![CDATA[closed]]></wp:comment_status>
		<wp:ping_status><![CDATA[closed]]></wp:ping_status>
		<wp:post_name><![CDATA[contact-form-1]]></wp:post_name>
		<wp:status><![CDATA[publish]]></wp:status>
		<wp:post_parent>0</wp:post_parent>
		<wp:menu_order>0</wp:menu_order>
		<wp:post_type><![CDATA[wpcf7_contact_form]]></wp:post_type>
		<wp:post_password><![CDATA[]]></wp:post_password>
		<wp:is_sticky>0</wp:is_sticky>
														<wp:postmeta>
		<wp:meta_key><![CDATA[_form]]></wp:meta_key>
		<wp:meta_value><![CDATA[[email* email-137 id:email class:email placeholder "Your email:"]]]></wp:meta_value>
		</wp:postmeta>
							<wp:postmeta>
		<wp:meta_key><![CDATA[_mail]]></wp:meta_key>
		<wp:meta_value><![CDATA[a:9:{s:6:"active";b:1;s:7:"subject";s:30:"[_site_title] "[your-subject]"";s:6:"sender";s:33:"[_site_title] <a14353@oficina.pt>";s:9:"recipient";s:19:"[_site_admin_email]";s:4:"body";s:191:"From: [your-name] [your-email]
Subject: [your-subject]

Message Body:
[your-message]

-- 
This is a notification that a contact form was submitted on your website ([_site_title] [_site_url]).";s:18:"additional_headers";s:22:"Reply-To: [your-email]";s:11:"attachments";s:0:"";s:8:"use_html";b:0;s:13:"exclude_blank";b:0;}]]></wp:meta_value>
		</wp:postmeta>
							<wp:postmeta>
		<wp:meta_key><![CDATA[_mail_2]]></wp:meta_key>
		<wp:meta_value><![CDATA[a:9:{s:6:"active";b:0;s:7:"subject";s:30:"[_site_title] "[your-subject]"";s:6:"sender";s:33:"[_site_title] <a14353@oficina.pt>";s:9:"recipient";s:12:"[your-email]";s:4:"body";s:220:"Message Body:
[your-message]

-- 
This email is a receipt for your contact form submission on our website ([_site_title] [_site_url]) in which your email address was used. If that was not you, please ignore this message.";s:18:"additional_headers";s:29:"Reply-To: [_site_admin_email]";s:11:"attachments";s:0:"";s:8:"use_html";b:0;s:13:"exclude_blank";b:0;}]]></wp:meta_value>
		</wp:postmeta>
							<wp:postmeta>
		<wp:meta_key><![CDATA[_messages]]></wp:meta_key>
		<wp:meta_value><![CDATA[a:22:{s:12:"mail_sent_ok";s:45:"Thank you for your message. It has been sent.";s:12:"mail_sent_ng";s:71:"There was an error trying to send your message. Please try again later.";s:16:"validation_error";s:61:"One or more fields have an error. Please check and try again.";s:4:"spam";s:71:"There was an error trying to send your message. Please try again later.";s:12:"accept_terms";s:69:"You must accept the terms and conditions before sending your message.";s:16:"invalid_required";s:27:"Please fill out this field.";s:16:"invalid_too_long";s:32:"This field has a too long input.";s:17:"invalid_too_short";s:33:"This field has a too short input.";s:13:"upload_failed";s:46:"There was an unknown error uploading the file.";s:24:"upload_file_type_invalid";s:49:"You are not allowed to upload files of this type.";s:21:"upload_file_too_large";s:31:"The uploaded file is too large.";s:23:"upload_failed_php_error";s:38:"There was an error uploading the file.";s:12:"invalid_date";s:41:"Please enter a date in YYYY-MM-DD format.";s:14:"date_too_early";s:32:"This field has a too early date.";s:13:"date_too_late";s:31:"This field has a too late date.";s:14:"invalid_number";s:22:"Please enter a number.";s:16:"number_too_small";s:34:"This field has a too small number.";s:16:"number_too_large";s:34:"This field has a too large number.";s:23:"quiz_answer_not_correct";s:36:"The answer to the quiz is incorrect.";s:13:"invalid_email";s:30:"Please enter an email address.";s:11:"invalid_url";s:19:"Please enter a URL.";s:11:"invalid_tel";s:32:"Please enter a telephone number.";}]]></wp:meta_value>
		</wp:postmeta>
							<wp:postmeta>
		<wp:meta_key><![CDATA[_additional_settings]]></wp:meta_key>
		<wp:meta_value><![CDATA[]]></wp:meta_value>
		</wp:postmeta>
							<wp:postmeta>
		<wp:meta_key><![CDATA[_locale]]></wp:meta_key>
		<wp:meta_value><![CDATA[en_US]]></wp:meta_value>
		</wp:postmeta>
							<wp:postmeta>
		<wp:meta_key><![CDATA[_hash]]></wp:meta_key>
		<wp:meta_value><![CDATA[f8cab5a7ceecf0a8d7f3bf5fb371c94f686ead26]]></wp:meta_value>
		</wp:postmeta>
							<wp:postmeta>
		<wp:meta_key><![CDATA[_config_validation]]></wp:meta_key>
		<wp:meta_value><![CDATA[a:1:{s:23:"mail.additional_headers";a:1:{i:0;a:2:{s:4:"code";s:22:"invalid_mailbox_syntax";s:4:"args";a:3:{s:7:"message";s:51:"Invalid mailbox syntax is used in the %name% field.";s:6:"params";a:1:{s:4:"name";s:8:"Reply-To";}s:4:"link";s:68:"https://contactform7.com/configuration-errors/invalid-mailbox-syntax";}}}}]]></wp:meta_value>
		</wp:postmeta>
							</item>
					<item>
		<title><![CDATA[Captura de ecrã 2024-01-31 085255]]></title>
		<link>http://localhost/wordpress/homepage-hello/captura-de-ecra-2024-01-31-085255/</link>
		<pubDate>Wed, 31 Jan 2024 08:53:09 +0000</pubDate>
		<dc:creator><![CDATA[admin]]></dc:creator>
		<guid isPermaLink="false">http://localhost/wordpress/wp-content/uploads/2024/01/Captura-de-ecra-2024-01-31-085255.png</guid>
		<description></description>
		<content:encoded><![CDATA[]]></content:encoded>
		<excerpt:encoded><![CDATA[]]></excerpt:encoded>
		<wp:post_id>62</wp:post_id>
		<wp:post_date><![CDATA[2024-01-31 08:53:09]]></wp:post_date>
		<wp:post_date_gmt><![CDATA[2024-01-31 08:53:09]]></wp:post_date_gmt>
		<wp:post_modified><![CDATA[2024-01-31 08:53:09]]></wp:post_modified>
		<wp:post_modified_gmt><![CDATA[2024-01-31 08:53:09]]></wp:post_modified_gmt>
		<wp:comment_status><![CDATA[open]]></wp:comment_status>
		<wp:ping_status><![CDATA[closed]]></wp:ping_status>
		<wp:post_name><![CDATA[captura-de-ecra-2024-01-31-085255]]></wp:post_name>
		<wp:status><![CDATA[inherit]]></wp:status>
		<wp:post_parent>11</wp:post_parent>
		<wp:menu_order>0</wp:menu_order>
		<wp:post_type><![CDATA[attachment]]></wp:post_type>
		<wp:post_password><![CDATA[]]></wp:post_password>
		<wp:is_sticky>0</wp:is_sticky>
						<wp:attachment_url><![CDATA[http://localhost/wordpress/wp-content/uploads/2024/01/Captura-de-ecra-2024-01-31-085255.png]]></wp:attachment_url>
											<wp:postmeta>
		<wp:meta_key><![CDATA[_wp_attached_file]]></wp:meta_key>
		<wp:meta_value><![CDATA[2024/01/Captura-de-ecra-2024-01-31-085255.png]]></wp:meta_value>
		</wp:postmeta>
							<wp:postmeta>
		<wp:meta_key><![CDATA[_wp_attachment_metadata]]></wp:meta_key>
		<wp:meta_value><![CDATA[a:6:{s:5:"width";i:629;s:6:"height";i:239;s:4:"file";s:45:"2024/01/Captura-de-ecra-2024-01-31-085255.png";s:8:"filesize";i:121760;s:5:"sizes";a:2:{s:6:"medium";a:5:{s:4:"file";s:45:"Captura-de-ecra-2024-01-31-085255-300x114.png";s:5:"width";i:300;s:6:"height";i:114;s:9:"mime-type";s:9:"image/png";s:8:"filesize";i:34778;}s:9:"thumbnail";a:5:{s:4:"file";s:45:"Captura-de-ecra-2024-01-31-085255-150x150.png";s:5:"width";i:150;s:6:"height";i:150;s:9:"mime-type";s:9:"image/png";s:8:"filesize";i:29140;}}s:10:"image_meta";a:12:{s:8:"aperture";s:1:"0";s:6:"credit";s:0:"";s:6:"camera";s:0:"";s:7:"caption";s:0:"";s:17:"created_timestamp";s:1:"0";s:9:"copyright";s:0:"";s:12:"focal_length";s:1:"0";s:3:"iso";s:1:"0";s:13:"shutter_speed";s:1:"0";s:5:"title";s:0:"";s:11:"orientation";s:1:"0";s:8:"keywords";a:0:{}}}]]></wp:meta_value>
		</wp:postmeta>
							</item>
					<item>
		<title><![CDATA[MicrosoftTeams-image]]></title>
		<link>http://localhost/wordpress/homepage-hello/microsoftteams-image/</link>
		<pubDate>Wed, 31 Jan 2024 08:55:37 +0000</pubDate>
		<dc:creator><![CDATA[admin]]></dc:creator>
		<guid isPermaLink="false">http://localhost/wordpress/wp-content/uploads/2024/01/MicrosoftTeams-image.webp</guid>
		<description></description>
		<content:encoded><![CDATA[]]></content:encoded>
		<excerpt:encoded><![CDATA[]]></excerpt:encoded>
		<wp:post_id>63</wp:post_id>
		<wp:post_date><![CDATA[2024-01-31 08:55:37]]></wp:post_date>
		<wp:post_date_gmt><![CDATA[2024-01-31 08:55:37]]></wp:post_date_gmt>
		<wp:post_modified><![CDATA[2024-01-31 08:55:37]]></wp:post_modified>
		<wp:post_modified_gmt><![CDATA[2024-01-31 08:55:37]]></wp:post_modified_gmt>
		<wp:comment_status><![CDATA[open]]></wp:comment_status>
		<wp:ping_status><![CDATA[closed]]></wp:ping_status>
		<wp:post_name><![CDATA[microsoftteams-image]]></wp:post_name>
		<wp:status><![CDATA[inherit]]></wp:status>
		<wp:post_parent>11</wp:post_parent>
		<wp:menu_order>0</wp:menu_order>
		<wp:post_type><![CDATA[attachment]]></wp:post_type>
		<wp:post_password><![CDATA[]]></wp:post_password>
		<wp:is_sticky>0</wp:is_sticky>
						<wp:attachment_url><![CDATA[http://localhost/wordpress/wp-content/uploads/2024/01/MicrosoftTeams-image.webp]]></wp:attachment_url>
											<wp:postmeta>
		<wp:meta_key><![CDATA[_wp_attached_file]]></wp:meta_key>
		<wp:meta_value><![CDATA[2024/01/MicrosoftTeams-image.webp]]></wp:meta_value>
		</wp:postmeta>
							<wp:postmeta>
		<wp:meta_key><![CDATA[_wp_attachment_metadata]]></wp:meta_key>
		<wp:meta_value><![CDATA[a:6:{s:5:"width";i:1000;s:6:"height";i:667;s:4:"file";s:33:"2024/01/MicrosoftTeams-image.webp";s:8:"filesize";i:44486;s:5:"sizes";a:4:{s:6:"medium";a:5:{s:4:"file";s:33:"MicrosoftTeams-image-300x200.webp";s:5:"width";i:300;s:6:"height";i:200;s:9:"mime-type";s:10:"image/webp";s:8:"filesize";i:8992;}s:9:"thumbnail";a:5:{s:4:"file";s:33:"MicrosoftTeams-image-150x150.webp";s:5:"width";i:150;s:6:"height";i:150;s:9:"mime-type";s:10:"image/webp";s:8:"filesize";i:4874;}s:12:"medium_large";a:5:{s:4:"file";s:33:"MicrosoftTeams-image-768x512.webp";s:5:"width";i:768;s:6:"height";i:512;s:9:"mime-type";s:10:"image/webp";s:8:"filesize";i:27082;}s:26:"elementor_custom_1920x1080";a:4:{s:4:"file";s:50:"elementor/thumbs/MicrosoftTeams-image-150x150.webp";s:5:"width";i:1920;s:6:"height";i:1080;s:9:"mime-type";s:10:"image/webp";}}s:10:"image_meta";a:12:{s:8:"aperture";s:1:"0";s:6:"credit";s:0:"";s:6:"camera";s:0:"";s:7:"caption";s:0:"";s:17:"created_timestamp";s:1:"0";s:9:"copyright";s:0:"";s:12:"focal_length";s:1:"0";s:3:"iso";s:1:"0";s:13:"shutter_speed";s:1:"0";s:5:"title";s:0:"";s:11:"orientation";s:1:"0";s:8:"keywords";a:0:{}}}]]></wp:meta_value>
		</wp:postmeta>
							</item>
				</channel>
</rss>
	